{"inputs": {"X": 0.6889777063046618, "Y": 0.08260028755030513, "Z": 0.5}, "outputs": {"X+Y+Z": 1.271577993854967, "X*Y*Z": 0.028454878328257372}}