{"inputs": {"X": 0.6897184232231122, "Y": 0.3809976835091117, "Z": 0.5}, "outputs": {"X+Y+Z": 1.570716106732224, "X*Y*Z": 0.13139056076078143}}