{"inputs": {"X": 0.925927877254629, "Y": 0.6829681739775803, "Z": 0.5}, "outputs": {"X+Y+Z": 2.1088960512322092, "X*Y*Z": 0.3161896357817655}}