{"inputs": {"X": 0.48709109301792797, "Y": 0.45779122705340947, "Z": 0.5}, "outputs": {"X+Y+Z": 1.4448823200713374, "X*Y*Z": 0.11149301457973182}}