{"inputs": {"X": 0.31412544839477674, "Y": 0.5523592085478357, "Z": 0.5}, "outputs": {"X+Y+Z": 1.3664846569426126, "X*Y*Z": 0.08675504203003645}}