{"inputs": {"X": 0.12165140022680299, "Y": 0.41266543829360225, "Z": 0.5}, "outputs": {"X+Y+Z": 1.0343168385204051, "X*Y*Z": 0.02510066419681204}}