{"inputs": {"X": 0.062455914677936986, "Y": 0.4091752358334011, "Z": 0.5}, "outputs": {"X+Y+Z": 0.9716311505113381, "X*Y*Z": 0.012777706808767822}}