{"inputs": {"X": 0.7323603130817882, "Y": 0.45025267491689236, "Z": 0.5}, "outputs": {"X+Y+Z": 1.6826129879986804, "X*Y*Z": 0.16487359498402393}}