{"inputs": {"X": 0.4452794745997871, "Y": 0.6423750990366571, "Z": 0.5}, "outputs": {"X+Y+Z": 1.5876545736364442, "X*Y*Z": 0.14301822329751446}}