{"inputs": {"X": 0.43458085469151053, "Y": 0.010545973237104156, "Z": 0.5}, "outputs": {"X+Y+Z": 0.9451268279286147, "X*Y*Z": 0.00229153903146726}}